N,Grille (Grid),Vectorisée,Numba Parallel,Barnes-Hut
100,0.229975,0.000933,0.000077,0.001525
1000,>60s,0.098134,0.001429,0.002088
10000,-,>60s,0.123465,0.011296
